case:concept:name,concept:name,time:timestamp,cost:total,human_resource,org:role,org:resource,outcome_unit,unsuccessful_outcome_unit,cost:fixed,cost:variable,cost:labor,cost:inventory,client,cost:maintenance,cost:missed_deadline,cost:transportation,cost:warehousing,quality,lifecycle:transition,concept:instance
0,A,2025-01-01 10:00:00+00:00,6,Ed,Boss,Machine 2,0,0,1,5,4,1,Patrick,51,23,30,63,3,start,1
0,A,2025-01-01 10:00:02+00:00,1,Eddy,Employee,Machine 1,0,0,1,0,0,0,Patrick,51,23,30,63,3,start,2
0,A,2025-01-01 10:00:02+00:00,1,Eddy,Employee,Machine 1,0,0,1,0,0,0,Patrick,51,23,30,63,3,complete,2
0,A,2025-01-01 10:00:08+00:00,6,Ed,Boss,Machine 2,0,0,1,5,4,1,Patrick,51,23,30,63,3,complete,1
1,D,2025-01-01 10:00:07+00:00,3,Ed,Boss,Machine 2,0,0,1,2,2,0,Krabs,57,56,46,0,2,start,3
1,B,2025-01-01 10:00:08+00:00,0,Edd,Employee,Machine 1,0,0,0,0,0,0,Krabs,57,56,46,0,2,complete,4
1,C,2025-01-01 10:00:13+00:00,20,Ed,Boss,Machine 2,95,0,9,11,9,2,Krabs,57,56,46,0,2,complete,5
1,C,2025-01-01 10:00:13+00:00,20,Ed,Boss,Machine 2,95,0,9,11,9,2,Krabs,57,56,46,0,2,start,5
1,C,2025-01-01 10:00:14+00:00,16,Edd,Employee,Machine 1,13,0,15,1,0,1,Krabs,57,56,46,0,2,start,6
1,D,2025-01-01 10:00:16+00:00,3,Ed,Boss,Machine 2,0,0,1,2,2,0,Krabs,57,56,46,0,2,complete,3
1,C,2025-01-01 10:00:16+00:00,16,Edd,Employee,Machine 1,13,0,15,1,0,1,Krabs,57,56,46,0,2,complete,6
1,B,2025-01-01 10:00:22+00:00,6,Eddy,Employee,Machine 1,19,0,6,0,0,0,Krabs,57,56,46,0,2,start,7
1,B,2025-01-01 10:00:32+00:00,6,Ed,Boss,Machine 2,0,0,6,0,0,0,Krabs,57,56,46,0,2,complete,8
1,A,2025-01-01 10:00:35+00:00,9,Ed,Boss,Machine 2,18,0,4,5,4,1,Krabs,57,56,46,0,2,start,9
1,A,2025-01-01 10:00:38+00:00,9,Ed,Boss,Machine 2,18,0,4,5,4,1,Krabs,57,56,46,0,2,complete,9
1,A,2025-01-01 10:00:42+00:00,17,Eddy,Employee,Machine 1,23,0,5,12,0,12,Krabs,57,56,46,0,2,start,10
1,A,2025-01-01 10:00:48+00:00,17,Eddy,Employee,Machine 1,23,0,5,12,0,12,Krabs,57,56,46,0,2,complete,10
1,A,2025-01-01 10:00:49+00:00,14,Edd,Employee,Machine 2,85,20,4,10,10,0,Krabs,57,56,46,0,2,start,11
1,A,2025-01-01 10:00:54+00:00,14,Edd,Employee,Machine 2,85,20,4,10,10,0,Krabs,57,56,46,0,2,complete,11
1,C,2025-01-01 10:00:59+00:00,0,Edd,Employee,Machine 1,87,0,0,0,0,0,Krabs,57,56,46,0,2,start,12
1,C,2025-01-01 10:00:59+00:00,0,Edd,Employee,Machine 1,87,0,0,0,0,0,Krabs,57,56,46,0,2,complete,12
10,D,2025-01-01 10:07:12+00:00,6,Eddy,Employee,Machine 2,0,0,0,6,6,0,Sandy,0,36,1,0,3,start,89
10,A,2025-01-01 10:07:15+00:00,20,Eddy,Employee,Machine 2,0,0,10,10,7,3,Sandy,0,36,1,0,3,start,90
10,A,2025-01-01 10:07:17+00:00,20,Eddy,Employee,Machine 2,0,0,10,10,7,3,Sandy,0,36,1,0,3,complete,90
10,B,2025-01-01 10:07:18+00:00,19,Edd,Employee,Machine 2,0,0,0,19,18,1,Sandy,0,36,1,0,3,start,93
10,D,2025-01-01 10:07:20+00:00,6,Eddy,Employee,Machine 2,0,0,0,6,6,0,Sandy,0,36,1,0,3,complete,89
10,A,2025-01-01 10:07:21+00:00,5,Eddy,Employee,Machine 2,0,0,5,0,0,0,Sandy,0,36,1,0,3,complete,91
10,C,2025-01-01 10:07:21+00:00,16,Edd,Employee,Machine 1,40,0,4,12,4,8,Sandy,0,36,1,0,3,start,92
10,C,2025-01-01 10:07:26+00:00,16,Edd,Employee,Machine 1,40,0,4,12,4,8,Sandy,0,36,1,0,3,complete,92
10,B,2025-01-01 10:07:27+00:00,19,Edd,Employee,Machine 2,0,0,0,19,18,1,Sandy,0,36,1,0,3,complete,93
10,A,2025-01-01 10:07:29+00:00,0,Eddy,Employee,Machine 2,0,0,0,0,0,0,Sandy,0,36,1,0,3,start,94
10,A,2025-01-01 10:07:37+00:00,0,Eddy,Employee,Machine 2,0,0,0,0,0,0,Sandy,0,36,1,0,3,complete,94
11,B,2025-01-01 10:07:34+00:00,7,Ed,Boss,Machine 1,0,0,2,5,2,3,Patrick,68,0,0,86,2,start,95
11,B,2025-01-01 10:07:34+00:00,7,Ed,Boss,Machine 1,0,0,2,5,2,3,Patrick,68,0,0,86,2,complete,95
11,C,2025-01-01 10:07:42+00:00,0,Eddy,Employee,Machine 2,0,0,0,0,0,0,Patrick,68,0,0,86,2,start,96
11,A,2025-01-01 10:07:46+00:00,4,Edd,Employee,Machine 2,0,0,4,0,0,0,Patrick,68,0,0,86,2,start,97
11,C,2025-01-01 10:07:50+00:00,0,Eddy,Employee,Machine 2,0,0,0,0,0,0,Patrick,68,0,0,86,2,complete,96
11,A,2025-01-01 10:07:51+00:00,4,Edd,Employee,Machine 2,0,0,4,0,0,0,Patrick,68,0,0,86,2,complete,97
11,A,2025-01-01 10:08:01+00:00,12,Edd,Employee,Machine 2,0,0,4,8,5,3,Patrick,68,0,0,86,2,start,98
11,A,2025-01-01 10:08:07+00:00,12,Edd,Employee,Machine 2,0,0,4,8,5,3,Patrick,68,0,0,86,2,complete,98
11,C,2025-01-01 10:08:09+00:00,0,Eddy,Employee,Machine 2,87,61,0,0,0,0,Patrick,68,0,0,86,2,start,100
11,B,2025-01-01 10:08:10+00:00,9,Eddy,Employee,Machine 1,0,0,5,4,0,4,Patrick,68,0,0,86,2,start,99
11,B,2025-01-01 10:08:12+00:00,9,Eddy,Employee,Machine 1,0,0,5,4,0,4,Patrick,68,0,0,86,2,complete,99
11,C,2025-01-01 10:08:14+00:00,0,Eddy,Employee,Machine 2,87,61,0,0,0,0,Patrick,68,0,0,86,2,complete,100
11,A,2025-01-01 10:08:18+00:00,1,Ed,Boss,Machine 2,39,0,0,1,1,0,Patrick,68,0,0,86,2,complete,101
11,A,2025-01-01 10:08:22+00:00,16,Edd,Employee,Machine 2,0,0,1,15,15,0,Patrick,68,0,0,86,2,start,102
11,A,2025-01-01 10:08:25+00:00,16,Edd,Employee,Machine 2,0,0,1,15,15,0,Patrick,68,0,0,86,2,complete,102
11,A,2025-01-01 10:08:32+00:00,0,Ed,Boss,Machine 2,17,0,0,0,0,0,Patrick,68,0,0,86,2,start,103
11,A,2025-01-01 10:08:33+00:00,0,Ed,Boss,Machine 2,17,0,0,0,0,0,Patrick,68,0,0,86,2,complete,103
11,A,2025-01-01 10:08:34+00:00,0,Ed,Boss,Machine 1,76,0,0,0,0,0,Patrick,68,0,0,86,2,complete,104
11,C,2025-01-01 10:08:42+00:00,4,Edd,Employee,Machine 1,60,0,3,1,0,1,Patrick,68,0,0,86,2,complete,105
11,C,2025-01-01 10:08:45+00:00,5,Eddy,Employee,Machine 1,96,48,1,4,0,4,Patrick,68,0,0,86,2,start,106
11,C,2025-01-01 10:08:52+00:00,5,Eddy,Employee,Machine 1,96,48,1,4,0,4,Patrick,68,0,0,86,2,complete,106
11,C,2025-01-01 10:08:55+00:00,19,Ed,Boss,Machine 2,85,0,2,17,0,17,Patrick,68,0,0,86,2,start,108
11,A,2025-01-01 10:09:00+00:00,12,Eddy,Employee,Machine 1,11,0,3,9,1,8,Patrick,68,0,0,86,2,start,107
11,A,2025-01-01 10:09:01+00:00,12,Eddy,Employee,Machine 1,11,0,3,9,1,8,Patrick,68,0,0,86,2,complete,107
11,C,2025-01-01 10:09:05+00:00,19,Ed,Boss,Machine 2,85,0,2,17,0,17,Patrick,68,0,0,86,2,complete,108
12,C,2025-01-01 10:09:09+00:00,8,Ed,Boss,Machine 2,0,0,8,0,0,0,Squidward,53,0,0,0,3,complete,109
12,C,2025-01-01 10:09:09+00:00,8,Ed,Boss,Machine 2,0,0,8,0,0,0,Squidward,53,0,0,0,3,start,109
12,A,2025-01-01 10:09:13+00:00,4,Eddy,Employee,Machine 1,0,0,3,1,1,0,Squidward,53,0,0,0,3,start,110
12,A,2025-01-01 10:09:15+00:00,4,Eddy,Employee,Machine 1,0,0,3,1,1,0,Squidward,53,0,0,0,3,complete,110
12,D,2025-01-01 10:09:15+00:00,5,Eddy,Employee,Machine 1,0,0,5,0,0,0,Squidward,53,0,0,0,3,start,111
12,D,2025-01-01 10:09:23+00:00,5,Eddy,Employee,Machine 1,0,0,5,0,0,0,Squidward,53,0,0,0,3,complete,111
12,A,2025-01-01 10:09:29+00:00,0,Ed,Boss,Machine 1,0,0,0,0,0,0,Squidward,53,0,0,0,3,start,112
12,B,2025-01-01 10:09:36+00:00,5,Ed,Boss,Machine 2,33,0,1,4,2,2,Squidward,53,0,0,0,3,start,113
12,A,2025-01-01 10:09:37+00:00,2,Edd,Employee,Machine 2,0,0,0,2,1,1,Squidward,53,0,0,0,3,start,114
12,A,2025-01-01 10:09:39+00:00,2,Edd,Employee,Machine 2,0,0,0,2,1,1,Squidward,53,0,0,0,3,complete,114
12,B,2025-01-01 10:09:42+00:00,12,Edd,Employee,Machine 1,84,57,0,12,5,7,Squidward,53,0,0,0,3,start,116
12,B,2025-01-01 10:09:43+00:00,5,Ed,Boss,Machine 2,33,0,1,4,2,2,Squidward,53,0,0,0,3,complete,113
12,A,2025-01-01 10:09:45+00:00,4,Edd,Employee,Machine 2,0,0,4,0,0,0,Squidward,53,0,0,0,3,start,115
12,B,2025-01-01 10:09:45+00:00,12,Edd,Employee,Machine 1,84,57,0,12,5,7,Squidward,53,0,0,0,3,complete,116
12,A,2025-01-01 10:09:47+00:00,0,Ed,Boss,Machine 1,0,0,0,0,0,0,Squidward,53,0,0,0,3,start,117
12,A,2025-01-01 10:09:51+00:00,4,Edd,Employee,Machine 2,0,0,4,0,0,0,Squidward,53,0,0,0,3,complete,115
12,A,2025-01-01 10:09:51+00:00,0,Ed,Boss,Machine 1,0,0,0,0,0,0,Squidward,53,0,0,0,3,complete,117
12,A,2025-01-01 10:09:52+00:00,19,Edd,Employee,Machine 2,0,0,19,0,0,0,Squidward,53,0,0,0,3,complete,118
12,B,2025-01-01 10:09:52+00:00,12,Eddy,Employee,Machine 1,24,0,7,5,3,2,Squidward,53,0,0,0,3,start,119
12,B,2025-01-01 10:09:55+00:00,12,Eddy,Employee,Machine 1,24,0,7,5,3,2,Squidward,53,0,0,0,3,complete,119
12,A,2025-01-01 10:10:01+00:00,1,Eddy,Employee,Machine 1,0,0,0,1,1,0,Squidward,53,0,0,0,3,complete,120
12,A,2025-01-01 10:10:01+00:00,1,Eddy,Employee,Machine 1,0,0,0,1,1,0,Squidward,53,0,0,0,3,start,120
12,C,2025-01-01 10:10:04+00:00,0,Edd,Employee,Machine 2,33,13,0,0,0,0,Squidward,53,0,0,0,3,start,121
12,B,2025-01-01 10:10:04+00:00,18,Edd,Employee,Machine 1,18,0,7,11,5,6,Squidward,53,0,0,0,3,start,122
12,A,2025-01-01 10:10:13+00:00,0,Eddy,Employee,Machine 2,55,0,0,0,0,0,Squidward,53,0,0,0,3,start,123
12,B,2025-01-01 10:10:14+00:00,18,Edd,Employee,Machine 1,18,0,7,11,5,6,Squidward,53,0,0,0,3,complete,122
12,A,2025-01-01 10:10:23+00:00,0,Eddy,Employee,Machine 2,55,0,0,0,0,0,Squidward,53,0,0,0,3,complete,123
12,C,2025-01-01 10:10:29+00:00,3,Eddy,Employee,Machine 2,0,0,0,3,0,3,Squidward,53,0,0,0,3,complete,124
12,A,2025-01-01 10:10:34+00:00,2,Edd,Employee,Machine 1,0,0,2,0,0,0,Squidward,53,0,0,0,3,complete,125
12,A,2025-01-01 10:10:34+00:00,0,Edd,Employee,Machine 2,0,0,0,0,0,0,Squidward,53,0,0,0,3,start,126
12,A,2025-01-01 10:10:35+00:00,0,Edd,Employee,Machine 2,0,0,0,0,0,0,Squidward,53,0,0,0,3,complete,126
13,C,2025-01-01 10:10:39+00:00,16,Edd,Employee,Machine 1,38,29,7,9,1,8,Krabs,45,56,0,0,2,start,127
14,A,2025-01-01 10:10:31+00:00,1,Eddy,Employee,Machine 2,0,0,1,0,0,0,Sandy,97,93,0,0,5,start,128
14,A,2025-01-01 10:10:41+00:00,1,Eddy,Employee,Machine 2,0,0,1,0,0,0,Sandy,97,93,0,0,5,complete,128
14,A,2025-01-01 10:10:45+00:00,19,Eddy,Employee,Machine 1,88,0,1,18,7,11,Sandy,97,93,0,0,5,start,129
14,D,2025-01-01 10:10:46+00:00,16,Eddy,Employee,Machine 2,0,0,16,0,0,0,Sandy,97,93,0,0,5,start,130
14,A,2025-01-01 10:10:52+00:00,19,Eddy,Employee,Machine 1,44,0,18,1,1,0,Sandy,97,93,0,0,5,start,131
14,A,2025-01-01 10:10:53+00:00,19,Eddy,Employee,Machine 1,88,0,1,18,7,11,Sandy,97,93,0,0,5,complete,129
14,B,2025-01-01 10:10:56+00:00,20,Edd,Employee,Machine 1,0,0,17,3,1,2,Sandy,97,93,0,0,5,start,132
14,B,2025-01-01 10:11:00+00:00,20,Edd,Employee,Machine 1,0,0,17,3,1,2,Sandy,97,93,0,0,5,complete,132
14,A,2025-01-01 10:11:09+00:00,0,Edd,Employee,Machine 1,77,0,0,0,0,0,Sandy,97,93,0,0,5,complete,133
14,A,2025-01-01 10:11:09+00:00,0,Edd,Employee,Machine 1,77,0,0,0,0,0,Sandy,97,93,0,0,5,start,133
15,A,2025-01-01 10:11:06+00:00,20,Edd,Employee,Machine 1,27,0,20,0,0,0,Krabs,43,0,86,0,5,start,134
15,A,2025-01-01 10:11:14+00:00,20,Edd,Employee,Machine 1,27,0,20,0,0,0,Krabs,43,0,86,0,5,complete,134
15,A,2025-01-01 10:11:20+00:00,0,Eddy,Employee,Machine 1,0,0,0,0,0,0,Krabs,43,0,86,0,5,start,135
15,A,2025-01-01 10:11:21+00:00,0,Eddy,Employee,Machine 1,0,0,0,0,0,0,Krabs,43,0,86,0,5,complete,135
15,C,2025-01-01 10:11:30+00:00,5,Ed,Boss,Machine 1,0,0,3,2,0,2,Krabs,43,0,86,0,5,complete,136
15,B,2025-01-01 10:11:38+00:00,18,Ed,Boss,Machine 1,0,0,10,8,8,0,Krabs,43,0,86,0,5,complete,137
15,B,2025-01-01 10:11:41+00:00,0,Ed,Boss,Machine 2,0,0,0,0,0,0,Krabs,43,0,86,0,5,start,138
15,B,2025-01-01 10:11:42+00:00,0,Ed,Boss,Machine 2,0,0,0,0,0,0,Krabs,43,0,86,0,5,complete,138
15,B,2025-01-01 10:11:49+00:00,20,Edd,Employee,Machine 2,0,0,19,1,1,0,Krabs,43,0,86,0,5,start,139
15,A,2025-01-01 10:11:53+00:00,14,Eddy,Employee,Machine 1,0,0,14,0,0,0,Krabs,43,0,86,0,5,start,140
15,A,2025-01-01 10:11:59+00:00,13,Eddy,Employee,Machine 1,0,0,2,11,6,5,Krabs,43,0,86,0,5,start,141
15,A,2025-01-01 10:12:00+00:00,13,Eddy,Employee,Machine 1,0,0,2,11,6,5,Krabs,43,0,86,0,5,complete,141
15,A,2025-01-01 10:12:04+00:00,7,Eddy,Employee,Machine 2,0,0,6,1,0,1,Krabs,43,0,86,0,5,start,142
15,A,2025-01-01 10:12:04+00:00,11,Eddy,Employee,Machine 1,0,0,8,3,3,0,Krabs,43,0,86,0,5,start,143
15,C,2025-01-01 10:12:04+00:00,9,Ed,Boss,Machine 1,100,0,5,4,4,0,Krabs,43,0,86,0,5,start,145
15,C,2025-01-01 10:12:07+00:00,3,Ed,Boss,Machine 2,68,0,2,1,1,0,Krabs,43,0,86,0,5,start,144
15,A,2025-01-01 10:12:10+00:00,7,Eddy,Employee,Machine 2,0,0,6,1,0,1,Krabs,43,0,86,0,5,complete,142
15,A,2025-01-01 10:12:10+00:00,11,Eddy,Employee,Machine 1,0,0,8,3,3,0,Krabs,43,0,86,0,5,complete,143
15,C,2025-01-01 10:12:14+00:00,9,Ed,Boss,Machine 1,100,0,5,4,4,0,Krabs,43,0,86,0,5,complete,145
15,C,2025-01-01 10:12:24+00:00,5,Edd,Employee,Machine 2,51,0,0,5,4,1,Krabs,43,0,86,0,5,start,146
15,C,2025-01-01 10:12:29+00:00,18,Ed,Boss,Machine 1,0,0,10,8,5,3,Krabs,43,0,86,0,5,start,147
15,C,2025-01-01 10:12:36+00:00,4,Ed,Boss,Machine 1,0,0,1,3,2,1,Krabs,43,0,86,0,5,start,148
15,C,2025-01-01 10:12:39+00:00,18,Ed,Boss,Machine 1,0,0,10,8,5,3,Krabs,43,0,86,0,5,complete,147
15,D,2025-01-01 10:12:39+00:00,0,Edd,Employee,Machine 2,90,0,0,0,0,0,Krabs,43,0,86,0,5,start,149
15,C,2025-01-01 10:12:40+00:00,1,Ed,Boss,Machine 2,0,0,0,1,0,1,Krabs,43,0,86,0,5,start,150
15,C,2025-01-01 10:12:41+00:00,1,Ed,Boss,Machine 2,0,0,0,1,0,1,Krabs,43,0,86,0,5,complete,150
15,C,2025-01-01 10:12:45+00:00,4,Ed,Boss,Machine 1,0,0,1,3,2,1,Krabs,43,0,86,0,5,complete,148
16,C,2025-01-01 10:12:33+00:00,10,Eddy,Employee,Machine 1,51,0,3,7,7,0,Sandy,61,61,89,57,3,start,151
16,C,2025-01-01 10:12:42+00:00,10,Eddy,Employee,Machine 1,51,0,3,7,7,0,Sandy,61,61,89,57,3,complete,151
16,C,2025-01-01 10:12:42+00:00,19,Ed,Boss,Machine 1,0,0,12,7,6,1,Sandy,61,61,89,57,3,start,152
16,C,2025-01-01 10:12:47+00:00,19,Ed,Boss,Machine 1,0,0,12,7,6,1,Sandy,61,61,89,57,3,complete,152
16,A,2025-01-01 10:12:49+00:00,12,Edd,Employee,Machine 2,81,0,8,4,1,3,Sandy,61,61,89,57,3,start,153
16,A,2025-01-01 10:12:51+00:00,12,Edd,Employee,Machine 2,81,0,8,4,1,3,Sandy,61,61,89,57,3,complete,153
16,B,2025-01-01 10:12:59+00:00,18,Eddy,Employee,Machine 1,0,0,12,6,0,6,Sandy,61,61,89,57,3,start,154
16,A,2025-01-01 10:13:03+00:00,16,Eddy,Employee,Machine 2,0,0,2,14,10,4,Sandy,61,61,89,57,3,start,155
16,A,2025-01-01 10:13:04+00:00,20,Edd,Employee,Machine 1,89,0,14,6,5,1,Sandy,61,61,89,57,3,start,156
16,A,2025-01-01 10:13:06+00:00,8,Eddy,Employee,Machine 2,0,0,3,5,2,3,Sandy,61,61,89,57,3,start,157
16,A,2025-01-01 10:13:08+00:00,16,Eddy,Employee,Machine 2,0,0,2,14,10,4,Sandy,61,61,89,57,3,complete,155
16,A,2025-01-01 10:13:09+00:00,20,Edd,Employee,Machine 1,89,0,14,6,5,1,Sandy,61,61,89,57,3,complete,156
16,A,2025-01-01 10:13:09+00:00,8,Eddy,Employee,Machine 2,0,0,3,5,2,3,Sandy,61,61,89,57,3,complete,157
16,A,2025-01-01 10:13:17+00:00,17,Edd,Employee,Machine 2,37,0,3,14,0,14,Sandy,61,61,89,57,3,start,161
16,B,2025-01-01 10:13:18+00:00,2,Edd,Employee,Machine 2,0,0,2,0,0,0,Sandy,61,61,89,57,3,start,158
16,A,2025-01-01 10:13:20+00:00,0,Eddy,Employee,Machine 1,0,0,0,0,0,0,Sandy,61,61,89,57,3,start,159
16,D,2025-01-01 10:13:21+00:00,20,Ed,Boss,Machine 1,0,0,2,18,12,6,Sandy,61,61,89,57,3,complete,160
16,A,2025-01-01 10:13:22+00:00,17,Edd,Employee,Machine 2,37,0,3,14,0,14,Sandy,61,61,89,57,3,complete,161
16,B,2025-01-01 10:13:23+00:00,10,Edd,Employee,Machine 1,0,0,10,0,0,0,Sandy,61,61,89,57,3,start,162
16,B,2025-01-01 10:13:25+00:00,2,Edd,Employee,Machine 2,0,0,2,0,0,0,Sandy,61,61,89,57,3,complete,158
16,B,2025-01-01 10:13:28+00:00,10,Edd,Employee,Machine 1,0,0,10,0,0,0,Sandy,61,61,89,57,3,complete,162
16,A,2025-01-01 10:13:29+00:00,0,Eddy,Employee,Machine 1,0,0,0,0,0,0,Sandy,61,61,89,57,3,complete,159
16,A,2025-01-01 10:13:32+00:00,6,Edd,Employee,Machine 2,75,0,3,3,1,2,Sandy,61,61,89,57,3,start,163
16,A,2025-01-01 10:13:35+00:00,1,Eddy,Employee,Machine 1,0,0,0,1,1,0,Sandy,61,61,89,57,3,start,166
16,B,2025-01-01 10:13:38+00:00,19,Edd,Employee,Machine 2,35,0,1,18,15,3,Sandy,61,61,89,57,3,start,164
16,B,2025-01-01 10:13:41+00:00,19,Edd,Employee,Machine 2,35,0,1,18,15,3,Sandy,61,61,89,57,3,complete,164
16,B,2025-01-01 10:13:42+00:00,2,Ed,Boss,Machine 1,0,0,2,0,0,0,Sandy,61,61,89,57,3,complete,165
16,A,2025-01-01 10:13:44+00:00,1,Eddy,Employee,Machine 1,0,0,0,1,1,0,Sandy,61,61,89,57,3,complete,166
17,B,2025-01-01 10:13:52+00:00,3,Edd,Employee,Machine 2,0,0,0,3,1,2,Bob,0,63,0,78,1,start,167
17,A,2025-01-01 10:13:58+00:00,7,Eddy,Employee,Machine 2,5,0,0,7,0,7,Bob,0,63,0,78,1,start,168
17,A,2025-01-01 10:14:04+00:00,7,Eddy,Employee,Machine 2,5,0,0,7,0,7,Bob,0,63,0,78,1,complete,168
17,A,2025-01-01 10:14:04+00:00,12,Edd,Employee,Machine 1,100,0,11,1,1,0,Bob,0,63,0,78,1,start,169
17,A,2025-01-01 10:14:11+00:00,12,Edd,Employee,Machine 1,100,0,11,1,1,0,Bob,0,63,0,78,1,complete,169
17,A,2025-01-01 10:14:12+00:00,1,Ed,Boss,Machine 1,9,0,1,0,0,0,Bob,0,63,0,78,1,start,170
17,A,2025-01-01 10:14:13+00:00,1,Ed,Boss,Machine 1,9,0,1,0,0,0,Bob,0,63,0,78,1,complete,170
17,A,2025-01-01 10:14:14+00:00,19,Eddy,Employee,Machine 2,0,0,0,19,9,10,Bob,0,63,0,78,1,start,171
17,A,2025-01-01 10:14:20+00:00,19,Eddy,Employee,Machine 2,0,0,0,19,9,10,Bob,0,63,0,78,1,complete,171
17,C,2025-01-01 10:14:21+00:00,0,Eddy,Employee,Machine 2,28,0,0,0,0,0,Bob,0,63,0,78,1,start,173
17,C,2025-01-01 10:14:23+00:00,2,Eddy,Employee,Machine 2,0,0,0,2,0,2,Bob,0,63,0,78,1,start,172
17,C,2025-01-01 10:14:23+00:00,2,Eddy,Employee,Machine 2,0,0,0,2,0,2,Bob,0,63,0,78,1,complete,172
17,C,2025-01-01 10:14:24+00:00,0,Eddy,Employee,Machine 2,28,0,0,0,0,0,Bob,0,63,0,78,1,complete,173
17,A,2025-01-01 10:14:27+00:00,11,Eddy,Employee,Machine 2,0,0,4,7,7,0,Bob,0,63,0,78,1,start,174
17,A,2025-01-01 10:14:27+00:00,11,Eddy,Employee,Machine 2,0,0,4,7,7,0,Bob,0,63,0,78,1,complete,174
17,D,2025-01-01 10:14:27+00:00,16,Edd,Employee,Machine 1,66,0,15,1,1,0,Bob,0,63,0,78,1,start,175
17,B,2025-01-01 10:14:33+00:00,2,Eddy,Employee,Machine 1,78,0,0,2,1,1,Bob,0,63,0,78,1,start,176
17,D,2025-01-01 10:14:34+00:00,16,Edd,Employee,Machine 1,66,0,15,1,1,0,Bob,0,63,0,78,1,complete,175
17,A,2025-01-01 10:14:39+00:00,12,Ed,Boss,Machine 1,0,0,12,0,0,0,Bob,0,63,0,78,1,start,177
17,B,2025-01-01 10:14:41+00:00,2,Eddy,Employee,Machine 1,78,0,0,2,1,1,Bob,0,63,0,78,1,complete,176
18,A,2025-01-01 10:14:49+00:00,6,Edd,Employee,Machine 1,63,0,5,1,0,1,Gary,31,0,0,0,4,start,178
18,C,2025-01-01 10:14:57+00:00,13,Eddy,Employee,Machine 2,63,0,4,9,6,3,Gary,31,0,0,0,4,start,179
18,C,2025-01-01 10:14:57+00:00,13,Eddy,Employee,Machine 2,63,0,4,9,6,3,Gary,31,0,0,0,4,complete,179
18,A,2025-01-01 10:15:03+00:00,20,Eddy,Employee,Machine 1,0,0,4,16,12,4,Gary,31,0,0,0,4,start,180
18,B,2025-01-01 10:15:07+00:00,0,Eddy,Employee,Machine 1,0,0,0,0,0,0,Gary,31,0,0,0,4,start,181
18,A,2025-01-01 10:15:09+00:00,20,Eddy,Employee,Machine 1,0,0,4,16,12,4,Gary,31,0,0,0,4,complete,180
18,B,2025-01-01 10:15:11+00:00,0,Eddy,Employee,Machine 1,0,0,0,0,0,0,Gary,31,0,0,0,4,complete,181
18,A,2025-01-01 10:15:13+00:00,0,Ed,Boss,Machine 1,93,0,0,0,0,0,Gary,31,0,0,0,4,start,183
18,B,2025-01-01 10:15:15+00:00,0,Ed,Boss,Machine 1,85,0,0,0,0,0,Gary,31,0,0,0,4,start,182
18,A,2025-01-01 10:15:18+00:00,0,Ed,Boss,Machine 1,93,0,0,0,0,0,Gary,31,0,0,0,4,complete,183
18,B,2025-01-01 10:15:20+00:00,0,Ed,Boss,Machine 1,85,0,0,0,0,0,Gary,31,0,0,0,4,complete,182
18,B,2025-01-01 10:15:26+00:00,14,Ed,Boss,Machine 1,77,0,2,12,11,1,Gary,31,0,0,0,4,start,184
19,B,2025-01-01 10:15:31+00:00,14,Eddy,Employee,Machine 2,0,0,10,4,2,2,Bob,100,0,0,28,5,start,185
19,A,2025-01-01 10:15:33+00:00,8,Edd,Employee,Machine 1,0,0,8,0,0,0,Bob,100,0,0,28,5,start,186
19,A,2025-01-01 10:15:35+00:00,8,Edd,Employee,Machine 1,0,0,8,0,0,0,Bob,100,0,0,28,5,complete,186
19,B,2025-01-01 10:15:40+00:00,14,Eddy,Employee,Machine 2,0,0,10,4,2,2,Bob,100,0,0,28,5,complete,185
19,B,2025-01-01 10:15:42+00:00,12,Eddy,Employee,Machine 2,0,0,2,10,3,7,Bob,100,0,0,28,5,start,187
19,A,2025-01-01 10:15:43+00:00,11,Eddy,Employee,Machine 1,0,0,5,6,0,6,Bob,100,0,0,28,5,complete,188
19,B,2025-01-01 10:15:47+00:00,12,Eddy,Employee,Machine 2,0,0,2,10,3,7,Bob,100,0,0,28,5,complete,187
19,A,2025-01-01 10:15:52+00:00,3,Edd,Employee,Machine 1,0,0,1,2,1,1,Bob,100,0,0,28,5,complete,189
19,A,2025-01-01 10:16:00+00:00,15,Edd,Employee,Machine 1,0,0,12,3,0,3,Bob,100,0,0,28,5,start,190
19,A,2025-01-01 10:16:04+00:00,15,Edd,Employee,Machine 1,0,0,12,3,0,3,Bob,100,0,0,28,5,complete,190
19,C,2025-01-01 10:16:07+00:00,7,Eddy,Employee,Machine 1,0,0,6,1,0,1,Bob,100,0,0,28,5,start,191
19,A,2025-01-01 10:16:08+00:00,15,Eddy,Employee,Machine 1,58,0,0,15,10,5,Bob,100,0,0,28,5,start,192
19,C,2025-01-01 10:16:13+00:00,7,Eddy,Employee,Machine 1,0,0,6,1,0,1,Bob,100,0,0,28,5,complete,191
19,A,2025-01-01 10:16:15+00:00,0,Ed,Boss,Machine 1,0,0,0,0,0,0,Bob,100,0,0,28,5,start,193
19,A,2025-01-01 10:16:19+00:00,0,Ed,Boss,Machine 1,0,0,0,0,0,0,Bob,100,0,0,28,5,complete,193
2,A,2025-01-01 10:00:56+00:00,19,Edd,Employee,Machine 1,39,0,0,19,16,3,Gary,0,40,0,0,5,start,15
2,A,2025-01-01 10:00:59+00:00,13,Ed,Boss,Machine 1,98,71,10,3,2,1,Gary,0,40,0,0,5,start,13
2,A,2025-01-01 10:01:05+00:00,17,Ed,Boss,Machine 1,0,0,10,7,2,5,Gary,0,40,0,0,5,start,14
2,A,2025-01-01 10:01:06+00:00,17,Ed,Boss,Machine 1,0,0,10,7,2,5,Gary,0,40,0,0,5,complete,14
2,A,2025-01-01 10:01:06+00:00,19,Edd,Employee,Machine 1,39,0,0,19,16,3,Gary,0,40,0,0,5,complete,15
2,A,2025-01-01 10:01:11+00:00,1,Eddy,Employee,Machine 1,0,0,1,0,0,0,Gary,0,40,0,0,5,start,16
2,A,2025-01-01 10:01:15+00:00,1,Eddy,Employee,Machine 1,0,0,1,0,0,0,Gary,0,40,0,0,5,complete,16
2,C,2025-01-01 10:01:17+00:00,0,Edd,Employee,Machine 1,0,0,0,0,0,0,Gary,0,40,0,0,5,start,17
2,C,2025-01-01 10:01:23+00:00,0,Edd,Employee,Machine 1,0,0,0,0,0,0,Gary,0,40,0,0,5,complete,17
2,D,2025-01-01 10:01:29+00:00,10,Eddy,Employee,Machine 1,79,35,10,0,0,0,Gary,0,40,0,0,5,complete,18
2,D,2025-01-01 10:01:29+00:00,10,Eddy,Employee,Machine 1,79,35,10,0,0,0,Gary,0,40,0,0,5,start,18
2,A,2025-01-01 10:01:37+00:00,6,Ed,Boss,Machine 1,6,0,4,2,2,0,Gary,0,40,0,0,5,start,19
2,D,2025-01-01 10:01:38+00:00,0,Eddy,Employee,Machine 1,0,0,0,0,0,0,Gary,0,40,0,0,5,start,20
2,A,2025-01-01 10:01:39+00:00,6,Ed,Boss,Machine 1,6,0,4,2,2,0,Gary,0,40,0,0,5,complete,19
2,D,2025-01-01 10:01:45+00:00,0,Eddy,Employee,Machine 1,0,0,0,0,0,0,Gary,0,40,0,0,5,complete,20
2,C,2025-01-01 10:01:52+00:00,7,Eddy,Employee,Machine 2,0,0,1,6,4,2,Gary,0,40,0,0,5,start,21
2,C,2025-01-01 10:01:52+00:00,7,Eddy,Employee,Machine 2,0,0,1,6,4,2,Gary,0,40,0,0,5,complete,21
2,A,2025-01-01 10:02:01+00:00,16,Edd,Employee,Machine 2,0,0,4,12,10,2,Gary,0,40,0,0,5,complete,22
3,C,2025-01-01 10:02:09+00:00,9,Edd,Employee,Machine 2,96,0,9,0,0,0,Krabs,0,0,1,0,5,complete,23
3,C,2025-01-01 10:02:09+00:00,9,Edd,Employee,Machine 2,96,0,9,0,0,0,Krabs,0,0,1,0,5,start,23
3,D,2025-01-01 10:02:15+00:00,0,Edd,Employee,Machine 2,0,0,0,0,0,0,Krabs,0,0,1,0,5,start,24
3,C,2025-01-01 10:02:15+00:00,1,Edd,Employee,Machine 2,51,0,0,1,1,0,Krabs,0,0,1,0,5,start,25
3,C,2025-01-01 10:02:22+00:00,1,Edd,Employee,Machine 2,51,0,0,1,1,0,Krabs,0,0,1,0,5,complete,25
3,C,2025-01-01 10:02:23+00:00,4,Eddy,Employee,Machine 2,74,0,2,2,2,0,Krabs,0,0,1,0,5,complete,26
3,C,2025-01-01 10:02:23+00:00,4,Eddy,Employee,Machine 2,74,0,2,2,2,0,Krabs,0,0,1,0,5,start,26
3,A,2025-01-01 10:02:23+00:00,9,Edd,Employee,Machine 2,0,0,3,6,0,6,Krabs,0,0,1,0,5,start,29
3,B,2025-01-01 10:02:24+00:00,20,Eddy,Employee,Machine 1,25,0,14,6,3,3,Krabs,0,0,1,0,5,complete,27
3,D,2025-01-01 10:02:25+00:00,0,Edd,Employee,Machine 2,0,0,0,0,0,0,Krabs,0,0,1,0,5,complete,24
3,A,2025-01-01 10:02:31+00:00,3,Eddy,Employee,Machine 2,0,0,0,3,0,3,Krabs,0,0,1,0,5,start,31
3,B,2025-01-01 10:02:32+00:00,1,Edd,Employee,Machine 1,0,0,0,1,0,1,Krabs,0,0,1,0,5,complete,28
3,A,2025-01-01 10:02:32+00:00,9,Edd,Employee,Machine 2,0,0,3,6,0,6,Krabs,0,0,1,0,5,complete,29
3,C,2025-01-01 10:02:35+00:00,12,Ed,Boss,Machine 1,70,0,2,10,8,2,Krabs,0,0,1,0,5,start,30
3,A,2025-01-01 10:02:35+00:00,3,Eddy,Employee,Machine 2,0,0,0,3,0,3,Krabs,0,0,1,0,5,complete,31
3,A,2025-01-01 10:02:42+00:00,0,Ed,Boss,Machine 1,6,0,0,0,0,0,Krabs,0,0,1,0,5,start,33
3,B,2025-01-01 10:02:44+00:00,0,Eddy,Employee,Machine 1,70,0,0,0,0,0,Krabs,0,0,1,0,5,start,32
3,A,2025-01-01 10:02:45+00:00,0,Ed,Boss,Machine 1,6,0,0,0,0,0,Krabs,0,0,1,0,5,complete,33
3,A,2025-01-01 10:02:45+00:00,20,Edd,Employee,Machine 1,99,0,1,19,19,0,Krabs,0,0,1,0,5,start,34
3,B,2025-01-01 10:02:48+00:00,0,Eddy,Employee,Machine 1,70,0,0,0,0,0,Krabs,0,0,1,0,5,complete,32
3,A,2025-01-01 10:02:54+00:00,20,Edd,Employee,Machine 1,99,0,1,19,19,0,Krabs,0,0,1,0,5,complete,34
4,C,2025-01-01 10:02:55+00:00,20,Eddy,Employee,Machine 2,0,0,5,15,0,15,Krabs,0,71,29,100,2,start,35
4,C,2025-01-01 10:03:02+00:00,20,Eddy,Employee,Machine 2,0,0,5,15,0,15,Krabs,0,71,29,100,2,complete,35
5,A,2025-01-01 10:02:57+00:00,19,Eddy,Employee,Machine 1,0,0,7,12,6,6,Patrick,95,39,14,0,3,start,36
5,A,2025-01-01 10:02:59+00:00,19,Eddy,Employee,Machine 1,0,0,7,12,6,6,Patrick,95,39,14,0,3,complete,36
5,D,2025-01-01 10:03:00+00:00,5,Edd,Employee,Machine 1,0,0,1,4,1,3,Patrick,95,39,14,0,3,complete,37
5,D,2025-01-01 10:03:00+00:00,5,Edd,Employee,Machine 1,0,0,1,4,1,3,Patrick,95,39,14,0,3,start,37
5,B,2025-01-01 10:03:09+00:00,1,Ed,Boss,Machine 2,0,0,1,0,0,0,Patrick,95,39,14,0,3,start,39
5,A,2025-01-01 10:03:10+00:00,0,Edd,Employee,Machine 2,61,0,0,0,0,0,Patrick,95,39,14,0,3,start,38
5,A,2025-01-01 10:03:13+00:00,19,Edd,Employee,Machine 1,0,0,10,9,0,9,Patrick,95,39,14,0,3,start,40
5,A,2025-01-01 10:03:14+00:00,0,Edd,Employee,Machine 2,61,0,0,0,0,0,Patrick,95,39,14,0,3,complete,38
5,B,2025-01-01 10:03:15+00:00,1,Ed,Boss,Machine 2,0,0,1,0,0,0,Patrick,95,39,14,0,3,complete,39
5,A,2025-01-01 10:03:19+00:00,19,Edd,Employee,Machine 1,0,0,10,9,0,9,Patrick,95,39,14,0,3,complete,40
5,D,2025-01-01 10:03:24+00:00,0,Edd,Employee,Machine 2,0,0,0,0,0,0,Patrick,95,39,14,0,3,start,43
5,A,2025-01-01 10:03:27+00:00,15,Ed,Boss,Machine 1,0,0,5,10,10,0,Patrick,95,39,14,0,3,start,41
5,B,2025-01-01 10:03:33+00:00,13,Edd,Employee,Machine 1,0,0,3,10,10,0,Patrick,95,39,14,0,3,start,42
5,D,2025-01-01 10:03:34+00:00,0,Edd,Employee,Machine 2,0,0,0,0,0,0,Patrick,95,39,14,0,3,complete,43
5,B,2025-01-01 10:03:43+00:00,13,Edd,Employee,Machine 1,0,0,3,10,10,0,Patrick,95,39,14,0,3,complete,42
5,B,2025-01-01 10:03:43+00:00,3,Ed,Boss,Machine 2,0,0,0,3,1,2,Patrick,95,39,14,0,3,complete,44
5,A,2025-01-01 10:03:49+00:00,16,Ed,Boss,Machine 2,0,0,9,7,3,4,Patrick,95,39,14,0,3,start,45
5,A,2025-01-01 10:03:52+00:00,16,Ed,Boss,Machine 2,0,0,9,7,3,4,Patrick,95,39,14,0,3,complete,45
5,A,2025-01-01 10:03:57+00:00,0,Edd,Employee,Machine 2,96,0,0,0,0,0,Patrick,95,39,14,0,3,start,46
5,A,2025-01-01 10:03:57+00:00,0,Ed,Boss,Machine 2,0,0,0,0,0,0,Patrick,95,39,14,0,3,start,48
5,B,2025-01-01 10:03:59+00:00,0,Ed,Boss,Machine 1,41,12,0,0,0,0,Patrick,95,39,14,0,3,complete,47
5,A,2025-01-01 10:04:02+00:00,0,Ed,Boss,Machine 2,0,0,0,0,0,0,Patrick,95,39,14,0,3,complete,48
5,A,2025-01-01 10:04:04+00:00,0,Edd,Employee,Machine 2,96,0,0,0,0,0,Patrick,95,39,14,0,3,complete,46
6,D,2025-01-01 10:04:02+00:00,19,Ed,Boss,Machine 2,0,0,4,15,15,0,Squidward,52,100,0,0,2,start,50
6,C,2025-01-01 10:04:09+00:00,6,Eddy,Employee,Machine 2,0,0,6,0,0,0,Squidward,52,100,0,0,2,start,49
6,A,2025-01-01 10:04:09+00:00,15,Eddy,Employee,Machine 2,0,0,0,15,12,3,Squidward,52,100,0,0,2,start,51
6,D,2025-01-01 10:04:10+00:00,19,Ed,Boss,Machine 2,0,0,4,15,15,0,Squidward,52,100,0,0,2,complete,50
6,C,2025-01-01 10:04:14+00:00,6,Eddy,Employee,Machine 2,0,0,6,0,0,0,Squidward,52,100,0,0,2,complete,49
6,A,2025-01-01 10:04:19+00:00,15,Eddy,Employee,Machine 2,0,0,0,15,12,3,Squidward,52,100,0,0,2,complete,51
6,C,2025-01-01 10:04:29+00:00,0,Eddy,Employee,Machine 2,38,0,0,0,0,0,Squidward,52,100,0,0,2,complete,52
6,C,2025-01-01 10:04:29+00:00,0,Eddy,Employee,Machine 2,38,0,0,0,0,0,Squidward,52,100,0,0,2,start,52
7,B,2025-01-01 10:04:30+00:00,6,Edd,Employee,Machine 1,0,0,3,3,3,0,Gary,13,40,0,0,1,start,54
7,A,2025-01-01 10:04:33+00:00,1,Ed,Boss,Machine 2,12,2,1,0,0,0,Gary,13,40,0,0,1,start,53
7,A,2025-01-01 10:04:37+00:00,1,Ed,Boss,Machine 2,12,2,1,0,0,0,Gary,13,40,0,0,1,complete,53
7,C,2025-01-01 10:04:37+00:00,0,Eddy,Employee,Machine 1,70,0,0,0,0,0,Gary,13,40,0,0,1,start,56
7,B,2025-01-01 10:04:38+00:00,6,Edd,Employee,Machine 1,0,0,3,3,3,0,Gary,13,40,0,0,1,complete,54
7,B,2025-01-01 10:04:39+00:00,18,Eddy,Employee,Machine 2,99,0,4,14,11,3,Gary,13,40,0,0,1,complete,55
7,B,2025-01-01 10:04:39+00:00,18,Eddy,Employee,Machine 2,99,0,4,14,11,3,Gary,13,40,0,0,1,start,55
7,C,2025-01-01 10:04:45+00:00,0,Eddy,Employee,Machine 1,70,0,0,0,0,0,Gary,13,40,0,0,1,complete,56
8,D,2025-01-01 10:04:39+00:00,0,Edd,Employee,Machine 2,0,0,0,0,0,0,Krabs,0,0,0,48,2,start,58
8,B,2025-01-01 10:04:46+00:00,7,Edd,Employee,Machine 1,0,0,0,7,2,5,Krabs,0,0,0,48,2,start,57
8,B,2025-01-01 10:04:46+00:00,18,Edd,Employee,Machine 2,0,0,12,6,3,3,Krabs,0,0,0,48,2,start,59
8,B,2025-01-01 10:04:48+00:00,7,Edd,Employee,Machine 1,0,0,0,7,2,5,Krabs,0,0,0,48,2,complete,57
8,D,2025-01-01 10:04:48+00:00,0,Edd,Employee,Machine 2,0,0,0,0,0,0,Krabs,0,0,0,48,2,complete,58
8,B,2025-01-01 10:04:55+00:00,18,Edd,Employee,Machine 2,0,0,12,6,3,3,Krabs,0,0,0,48,2,complete,59
8,A,2025-01-01 10:04:55+00:00,13,Ed,Boss,Machine 2,0,0,4,9,1,8,Krabs,0,0,0,48,2,start,62
8,A,2025-01-01 10:05:00+00:00,19,Ed,Boss,Machine 1,50,0,7,12,11,1,Krabs,0,0,0,48,2,start,60
8,D,2025-01-01 10:05:00+00:00,2,Edd,Employee,Machine 1,0,0,0,2,0,2,Krabs,0,0,0,48,2,start,61
8,A,2025-01-01 10:05:02+00:00,13,Ed,Boss,Machine 2,0,0,4,9,1,8,Krabs,0,0,0,48,2,complete,62
8,D,2025-01-01 10:05:05+00:00,2,Edd,Employee,Machine 1,0,0,0,2,0,2,Krabs,0,0,0,48,2,complete,61
8,A,2025-01-01 10:05:06+00:00,19,Ed,Boss,Machine 1,50,0,7,12,11,1,Krabs,0,0,0,48,2,complete,60
8,A,2025-01-01 10:05:09+00:00,9,Ed,Boss,Machine 2,0,0,2,7,3,4,Krabs,0,0,0,48,2,start,63
8,A,2025-01-01 10:05:13+00:00,14,Eddy,Employee,Machine 1,42,0,6,8,8,0,Krabs,0,0,0,48,2,start,64
8,A,2025-01-01 10:05:16+00:00,14,Eddy,Employee,Machine 1,42,0,6,8,8,0,Krabs,0,0,0,48,2,complete,64
8,A,2025-01-01 10:05:18+00:00,9,Ed,Boss,Machine 2,0,0,2,7,3,4,Krabs,0,0,0,48,2,complete,63
8,B,2025-01-01 10:05:19+00:00,10,Ed,Boss,Machine 1,0,0,3,7,2,5,Krabs,0,0,0,48,2,start,65
8,B,2025-01-01 10:05:20+00:00,10,Ed,Boss,Machine 1,0,0,3,7,2,5,Krabs,0,0,0,48,2,complete,65
8,A,2025-01-01 10:05:26+00:00,10,Ed,Boss,Machine 1,0,0,0,10,6,4,Krabs,0,0,0,48,2,start,66
8,A,2025-01-01 10:05:33+00:00,10,Ed,Boss,Machine 1,0,0,0,10,6,4,Krabs,0,0,0,48,2,complete,66
8,A,2025-01-01 10:05:33+00:00,4,Ed,Boss,Machine 2,0,0,2,2,1,1,Krabs,0,0,0,48,2,complete,67
8,A,2025-01-01 10:05:34+00:00,18,Edd,Employee,Machine 2,0,0,14,4,3,1,Krabs,0,0,0,48,2,start,69
8,A,2025-01-01 10:05:38+00:00,0,Edd,Employee,Machine 1,85,0,0,0,0,0,Krabs,0,0,0,48,2,start,68
8,A,2025-01-01 10:05:38+00:00,18,Edd,Employee,Machine 2,0,0,14,4,3,1,Krabs,0,0,0,48,2,complete,69
8,A,2025-01-01 10:05:39+00:00,0,Edd,Employee,Machine 1,85,0,0,0,0,0,Krabs,0,0,0,48,2,complete,68
8,B,2025-01-01 10:05:39+00:00,0,Eddy,Employee,Machine 1,0,0,0,0,0,0,Krabs,0,0,0,48,2,start,70
8,C,2025-01-01 10:05:39+00:00,14,Eddy,Employee,Machine 2,37,0,4,10,2,8,Krabs,0,0,0,48,2,start,71
8,B,2025-01-01 10:05:47+00:00,0,Eddy,Employee,Machine 1,0,0,0,0,0,0,Krabs,0,0,0,48,2,complete,70
8,C,2025-01-01 10:05:47+00:00,14,Eddy,Employee,Machine 2,37,0,4,10,2,8,Krabs,0,0,0,48,2,complete,71
8,B,2025-01-01 10:05:57+00:00,16,Ed,Boss,Machine 2,0,0,2,14,11,3,Krabs,0,0,0,48,2,start,72
8,A,2025-01-01 10:06:03+00:00,3,Eddy,Employee,Machine 1,83,28,1,2,1,1,Krabs,0,0,0,48,2,start,73
8,A,2025-01-01 10:06:04+00:00,3,Eddy,Employee,Machine 1,83,28,1,2,1,1,Krabs,0,0,0,48,2,complete,73
8,B,2025-01-01 10:06:07+00:00,16,Ed,Boss,Machine 2,0,0,2,14,11,3,Krabs,0,0,0,48,2,complete,72
9,D,2025-01-01 10:05:57+00:00,0,Edd,Employee,Machine 1,68,0,0,0,0,0,Bob,66,0,57,0,5,start,74
9,D,2025-01-01 10:06:05+00:00,0,Edd,Employee,Machine 1,68,0,0,0,0,0,Bob,66,0,57,0,5,complete,74
9,B,2025-01-01 10:06:10+00:00,5,Eddy,Employee,Machine 1,71,0,1,4,1,3,Bob,66,0,57,0,5,start,75
9,B,2025-01-01 10:06:10+00:00,5,Eddy,Employee,Machine 1,71,0,1,4,1,3,Bob,66,0,57,0,5,complete,75
9,A,2025-01-01 10:06:17+00:00,7,Edd,Employee,Machine 1,79,45,4,3,0,3,Bob,66,0,57,0,5,start,77
9,A,2025-01-01 10:06:19+00:00,4,Eddy,Employee,Machine 1,82,0,0,4,1,3,Bob,66,0,57,0,5,start,76
9,A,2025-01-01 10:06:25+00:00,7,Edd,Employee,Machine 1,79,45,4,3,0,3,Bob,66,0,57,0,5,complete,77
9,A,2025-01-01 10:06:27+00:00,4,Eddy,Employee,Machine 1,82,0,0,4,1,3,Bob,66,0,57,0,5,complete,76
9,C,2025-01-01 10:06:29+00:00,19,Eddy,Employee,Machine 2,64,16,5,14,7,7,Bob,66,0,57,0,5,start,79
9,A,2025-01-01 10:06:35+00:00,10,Ed,Boss,Machine 2,67,63,8,2,2,0,Bob,66,0,57,0,5,start,78
9,C,2025-01-01 10:06:36+00:00,19,Eddy,Employee,Machine 2,64,16,5,14,7,7,Bob,66,0,57,0,5,complete,79
9,A,2025-01-01 10:06:41+00:00,12,Eddy,Employee,Machine 1,0,0,9,3,3,0,Bob,66,0,57,0,5,start,80
9,A,2025-01-01 10:06:42+00:00,12,Eddy,Employee,Machine 1,0,0,9,3,3,0,Bob,66,0,57,0,5,complete,80
9,A,2025-01-01 10:06:43+00:00,14,Eddy,Employee,Machine 2,0,0,1,13,10,3,Bob,66,0,57,0,5,complete,81
9,D,2025-01-01 10:06:43+00:00,7,Eddy,Employee,Machine 1,0,0,7,0,0,0,Bob,66,0,57,0,5,complete,82
9,D,2025-01-01 10:06:43+00:00,7,Eddy,Employee,Machine 1,0,0,7,0,0,0,Bob,66,0,57,0,5,start,82
9,A,2025-01-01 10:06:48+00:00,0,Ed,Boss,Machine 2,0,0,0,0,0,0,Bob,66,0,57,0,5,start,83
9,A,2025-01-01 10:06:53+00:00,0,Ed,Boss,Machine 2,0,0,0,0,0,0,Bob,66,0,57,0,5,complete,83
9,B,2025-01-01 10:06:54+00:00,19,Ed,Boss,Machine 1,20,0,19,0,0,0,Bob,66,0,57,0,5,start,85
9,A,2025-01-01 10:06:56+00:00,17,Eddy,Employee,Machine 1,37,0,2,15,13,2,Bob,66,0,57,0,5,complete,84
9,A,2025-01-01 10:06:56+00:00,17,Eddy,Employee,Machine 1,37,0,2,15,13,2,Bob,66,0,57,0,5,start,84
9,A,2025-01-01 10:06:57+00:00,8,Ed,Boss,Machine 2,8,0,1,7,0,7,Bob,66,0,57,0,5,start,87
9,B,2025-01-01 10:06:58+00:00,19,Ed,Boss,Machine 1,20,0,19,0,0,0,Bob,66,0,57,0,5,complete,85
9,D,2025-01-01 10:06:58+00:00,4,Eddy,Employee,Machine 2,0,0,4,0,0,0,Bob,66,0,57,0,5,complete,86
9,A,2025-01-01 10:07:01+00:00,8,Ed,Boss,Machine 2,8,0,1,7,0,7,Bob,66,0,57,0,5,complete,87
9,C,2025-01-01 10:07:03+00:00,10,Edd,Employee,Machine 1,49,3,3,7,7,0,Bob,66,0,57,0,5,start,88
9,C,2025-01-01 10:07:03+00:00,10,Edd,Employee,Machine 1,49,3,3,7,7,0,Bob,66,0,57,0,5,complete,88
